{"A": [294.38, 294.38, 294.38, 294.38, 294.38], "B": [294.22, 294.22, 294.22, 294.22, 294.22], "seconds": [0.011664152145385742, 1.0356290340423584, 2.050224542617798, 3.068605899810791, 4.085478782653809], "filename": "temperature_log_2026_02_27_11_10_49.json", "epoch_start": 1772215849.4721384}